industry_code,industry_name,year,med_sales,med_ar,med_dso,med_ar_turnover,med_pct_over6m,prov_cov,writeoff_cov
101,Agriculture,2012,5.5362,0.6637,33.44297809754741,10.91409978308026,0.11043432203389832,0.06149732620320856,0.08823529411764706
101,Agriculture,2013,7.0068,0.9246,36.496063377711934,10.001088200067871,0.14283619299017453,0.08732394366197183,0.09014084507042254
101,Agriculture,2014,10.196,1.22265,33.90446205623711,10.765544647031325,0.14329107237189645,0.09090909090909091,0.09336609336609336
101,Agriculture,2015,8.8855,1.02,37.63028515240904,9.699634178207477,0.21141141141141143,0.08656036446469248,0.11161731207289294
101,Agriculture,2016,6.68135,0.90865,39.5359987544803,9.232110108560828,0.20265894928155137,0.09771309771309772,0.09771309771309772
101,Agriculture,2017,7.2697,1.0376,40.654506602698305,8.978354520095404,0.18264887597408283,0.0814663951120163,0.12627291242362526
101,Agriculture,2018,10.0367,1.1496,38.96859625883441,9.36655985385258,0.15862408448596,0.08565737051792828,0.11553784860557768
101,Agriculture,2019,10.7652,1.1759,37.91086977814088,9.627893504634383,0.14327090293367162,0.08906882591093117,0.12348178137651822
101,Agriculture,2020,9.4693,1.1513,40.50827044548937,9.010505656892173,0.18271751793180566,0.08176100628930817,0.1090146750524109
101,Agriculture,2021,9.053799999999999,1.1636,35.83702810422988,10.184996337821849,0.20981387478849406,0.09871244635193133,0.13090128755364808
101,Agriculture,2022,9.4643,1.15285,35.59795374306506,10.253398345153665,0.14489311163895488,0.08056872037914692,0.13981042654028436
102,"Mining, quarrying, and extraction",2012,8.4047,1.2897,59.87824957677234,6.095702572801809,0.15483626673421308,0.1404494382022472,0.1404494382022472
102,"Mining, quarrying, and extraction",2013,12.9659,1.62395,52.011333587033945,7.017701236005068,0.15525890949040583,0.1497005988023952,0.1317365269461078
102,"Mining, quarrying, and extraction",2014,11.617,1.53735,48.4880373107942,7.527629911280102,0.140183028748792,0.143646408839779,0.143646408839779
102,"Mining, quarrying, and extraction",2015,11.3195,1.3747,52.519319488398324,6.949936790276793,0.14858919150066874,0.16145833333333334,0.09895833333333333
102,"Mining, quarrying, and extraction",2016,9.70735,1.2884,58.089021528580304,6.283569082677463,0.1701314051310575,0.15577889447236182,0.12060301507537688
102,"Mining, quarrying, and extraction",2017,7.3979,1.4896,65.01959349705604,5.614113248031581,0.2526982637259503,0.16080402010050251,0.12060301507537688
102,"Mining, quarrying, and extraction",2018,9.4015,1.6748,60.87991763605677,5.851540391265454,0.18226806773996593,0.14705882352941177,0.09313725490196079
102,"Mining, quarrying, and extraction",2019,9.1035,1.83945,58.7763449896918,6.209981244393705,0.15200033813085145,0.14,0.09
102,"Mining, quarrying, and extraction",2020,10.10815,1.5992,58.62139831215226,6.226476065937662,0.18998955352682018,0.105,0.115
102,"Mining, quarrying, and extraction",2021,9.6019,1.7406,55.72897789054005,6.549554896142434,0.30551436842476876,0.14795918367346939,0.10714285714285714
102,"Mining, quarrying, and extraction",2022,11.6113,1.8808,50.1429300280608,7.279191698525397,0.10055563160641409,0.14673913043478262,0.08695652173913043
103,food processing & manufacture,2012,15.2018,0.7839,19.959414078074964,18.287198963412564,0.11605415860735009,0.08488063660477453,0.11936339522546419
103,food processing & manufacture,2013,18.2982,1.0257,21.250758018755548,17.1758579001209,0.11093228692225501,0.09226594301221167,0.12347354138398914
103,food processing & manufacture,2014,20.8083,1.05465,21.355324831044253,17.09175593851886,0.07762711864406781,0.09951456310679611,0.12378640776699029
103,food processing & manufacture,2015,18.91675,1.0072,22.539095921515717,16.19453409759999,0.09896886359379636,0.08013544018058691,0.08690744920993228
103,food processing & manufacture,2016,17.2585,0.9706,23.465287079334068,15.554891732880453,0.10437749378361186,0.08829787234042553,0.08297872340425531
103,food processing & manufacture,2017,17.8417,1.0451,23.065100890728424,15.824951314012047,0.11751908825510893,0.08085977482088025,0.09518935516888434
103,food processing & manufacture,2018,21.0593,1.3642,24.314540167954878,15.011670649136908,0.11600310185906024,0.08679245283018867,0.09716981132075472
103,food processing & manufacture,2019,23.180500000000002,1.4638,25.3372802960222,14.405650319829425,0.12003318657082784,0.09702209414024976,0.10278578290105668
103,food processing & manufacture,2020,23.0838,1.3799,21.996429154321525,16.593745109669257,0.15289679466360206,0.11023622047244094,0.10728346456692914
103,food processing & manufacture,2021,25.5108,1.6265,21.952054964579318,16.627160604248985,0.14737438939288205,0.115,0.121
103,food processing & manufacture,2022,30.654,1.7431,21.62484494138467,16.87873374303273,0.14184698162411813,0.10554371002132196,0.1023454157782516
104,beverages,2012,21.3163,1.69205,40.22898842476095,9.073059360730593,0.15480081304452942,0.09375,0.125
104,beverages,2013,26.6211,1.748,35.23517536983548,10.358966463736497,0.12129642188505067,0.08917197452229299,0.1464968152866242
104,beverages,2014,23.7118,1.66605,33.240707219367074,10.980512465972431,0.1210293987910559,0.12643678160919541,0.15517241379310345
104,beverages,2015,26.2451,1.89995,32.591912134191574,11.199097447770953,0.13148925587036311,0.15228426395939088,0.1218274111675127
104,beverages,2016,21.72275,1.6278000000000001,37.15734087340756,9.823204584012974,0.12744993797625376,0.13875598086124402,0.11483253588516747
104,beverages,2017,25.3321,1.6898,36.669858364425465,9.95368214673701,0.15654555135779302,0.1509433962264151,0.08962264150943396
104,beverages,2018,26.0238,1.82015,35.58539969258459,10.257369220284364,0.13541703496800198,0.1552511415525114,0.1324200913242009
104,beverages,2019,26.33185,2.2215499999999997,32.217015684247514,11.33102512349306,0.14472249871089904,0.16363636363636364,0.13636363636363635
104,beverages,2020,27.904899999999998,1.8009,31.726136580673,11.504709975381983,0.12888794205368556,0.136986301369863,0.0867579908675799
104,beverages,2021,25.0725,2.09225,39.490464917119326,9.24277872119581,0.153570958593706,0.1813953488372093,0.12558139534883722
104,beverages,2022,31.1793,2.4789,32.25257960855843,11.316924240786772,0.08758186839992324,0.16923076923076924,0.09743589743589744
105,tobacco,2012,32.3679,1.2976,13.318380154632383,28.755273704433,0.04720409847445735,0.14285714285714285,0.19047619047619047
105,tobacco,2013,40.7542,1.8996499999999998,15.765892970632382,23.244684316352014,0.04528998156710209,0.19047619047619047,0.09523809523809523
105,tobacco,2014,47.4268,1.9864,17.068327436290506,21.384637795496044,0.05369505750663581,0.14285714285714285,0.09523809523809523
105,tobacco,2015,54.9641,3.0376,25.55680219069714,14.281912004345465,0.07490411370985936,0.0,0.08695652173913043
105,tobacco,2016,54.4404,1.88375,21.27585626114611,17.15626560760685,0.10264032281936952,0.08333333333333333,0.125
105,tobacco,2017,36.22485,2.4756,30.196759259259263,12.087389804522804,0.14559616536848413,0.11538461538461539,0.07692307692307693
105,tobacco,2018,40.82355,2.1715999999999998,22.544491237429437,16.294202045314467,0.21043627031650983,0.13793103448275862,0.034482758620689655
105,tobacco,2019,39.4812,1.5314,22.643279542045928,16.119573108755628,0.14155040939283428,0.10344827586206896,0.034482758620689655
105,tobacco,2020,45.6405,2.0672,37.18416757046921,9.816005677907777,0.3802131429854993,0.10344827586206896,0.034482758620689655
105,tobacco,2021,31.3383,1.4191,35.36054485611053,10.3222391364517,0.5549490538573508,0.13793103448275862,0.13793103448275862
105,tobacco,2022,25.03265,1.4532500000000002,34.477329974811084,10.586666666666666,0.564864452372322,0.10344827586206896,0.034482758620689655
106,textile manufacturing,2012,12.2846,1.4754999999999998,46.913643899266035,7.7804468988556525,0.07392781547800628,0.07817109144542773,0.12979351032448377
106,textile manufacturing,2013,13.9787,1.78115,48.38889609547283,7.543052837573385,0.06879677605066206,0.09309309309309309,0.11861861861861862
106,textile manufacturing,2014,15.311250000000001,1.7652,45.80975495794829,7.9677352637021714,0.0592131431852181,0.08671328671328671,0.13566433566433567
106,textile manufacturing,2015,13.2426,1.5685,46.20046008012301,7.900408150356258,0.08053577483892845,0.06970509383378017,0.12064343163538874
106,textile manufacturing,2016,11.7984,1.4816,50.613903267061865,7.211470343868783,0.07868554357708793,0.06751592356687898,0.11337579617834395
106,textile manufacturing,2017,12.0608,1.5615999999999999,52.04751653035681,7.012822596196555,0.09709425939050319,0.07528230865746549,0.11794228356336262
106,textile manufacturing,2018,13.272549999999999,1.9025,58.56318695589838,6.22221384796003,0.09942117807286346,0.08019441069258809,0.1117861482381531
106,textile manufacturing,2019,12.578,1.8559999999999999,55.368488014387005,6.59220037600644,0.08760049236787838,0.07646356033452807,0.12066905615292713
106,textile manufacturing,2020,11.2897,1.7027,55.52899144861472,6.573336227299908,0.0861614162994647,0.08957055214723926,0.1165644171779141
106,textile manufacturing,2021,9.7214,1.5606,68.48078747628082,5.329962073324906,0.10818181564781994,0.09203980099502487,0.12189054726368159
106,textile manufacturing,2022,14.46855,1.6631,51.17633952680558,7.132303906873684,0.09149277688603531,0.10695187165775401,0.13770053475935828
107,apparel industry,2012,15.802900000000001,2.91815,57.72541183589022,6.32303847459196,0.09085697086098411,0.11538461538461539,0.19230769230769232
107,apparel industry,2013,16.840600000000002,3.0347,64.9813614908933,5.617017682559593,0.09127538079253639,0.11949685534591195,0.16981132075471697
107,apparel industry,2014,18.99315,2.71005,61.457304955445856,5.93908242908814,0.08671955699824077,0.10326086956521739,0.19021739130434784
107,apparel industry,2015,19.49725,2.7878,60.97528843207826,5.9863924648937585,0.08548762799319959,0.12299465240641712,0.17647058823529413
107,apparel industry,2016,16.8855,2.1859,63.36387897657775,5.760379665754382,0.08337196825549645,0.1134020618556701,0.15463917525773196
107,apparel industry,2017,15.7863,2.3655999999999997,65.7608563152103,5.550447567112002,0.0890180317727286,0.09693877551020408,0.14285714285714285
107,apparel industry,2018,16.287,2.9744,71.39413800335234,5.112577522899603,0.07317902094011126,0.08866995073891626,0.12807881773399016
107,apparel industry,2019,16.7944,2.6597999999999997,63.32658319398499,5.76377445584699,0.07526350768537315,0.10952380952380952,0.12380952380952381
107,apparel industry,2020,15.8479,2.74105,60.99326538697015,5.98426724137931,0.16159987097814693,0.14146341463414633,0.14634146341463414
107,apparel industry,2021,10.8905,2.7242,85.82860774796384,4.25266210004801,0.12641250191718112,0.12871287128712872,0.1485148514851485
107,apparel industry,2022,16.0077,2.85335,71.67077173195143,5.0927315442493,0.1318405243036592,0.13846153846153847,0.1282051282051282
108,leather industry,2012,7.277,1.2744499999999999,74.97912056326842,4.870714267791975,0.20056666446335042,0.057971014492753624,0.15942028985507245
108,leather industry,2013,11.4789,1.7471,64.26777526859645,5.679362611737273,0.08519305703152676,0.08955223880597014,0.16417910447761194
108,leather industry,2014,9.003699999999998,1.66275,61.80790794438111,5.905393211633233,0.11415608191056044,0.06666666666666667,0.22666666666666666
108,leather industry,2015,10.7799,1.5757,52.44912256822839,6.960405672407161,0.08645911623350955,0.06097560975609756,0.12195121951219512
108,leather industry,2016,7.3543,1.4025,58.13567461729389,6.170734520172777,0.08530434782608697,0.056179775280898875,0.1348314606741573
108,leather industry,2017,6.8958,1.4107,59.1265089330721,6.173476310943107,0.04946672857644581,0.1,0.1111111111111111
108,leather industry,2018,7.905900000000001,1.4579499999999999,55.54399194054565,6.57144224767512,0.08021772886247902,0.09473684210526316,0.12631578947368421
108,leather industry,2019,6.6913,1.2882,58.115447564706884,6.289491760599267,0.11102941176470588,0.10638297872340426,0.1276595744680851
108,leather industry,2020,6.7034,1.2649499999999998,62.09917018952126,5.880273201647517,0.1556932660763033,0.14130434782608695,0.16304347826086957
108,leather industry,2021,5.3041,1.6182500000000002,84.38329403671132,4.325502269614729,0.11727214786488209,0.13333333333333333,0.2
108,leather industry,2022,8.2353,2.1287,70.82678313107427,5.1534182280289915,0.11074966190284732,0.12790697674418605,0.1511627906976744
109,manufacture of wood and wood products,2012,10.2776,1.6065999999999998,73.3140613504782,4.978581097221117,0.12108452295368184,0.11864406779661017,0.0847457627118644
109,manufacture of wood and wood products,2013,13.8261,1.8749,86.45008518111676,4.222089535658743,0.14114344879998203,0.15254237288135594,0.0847457627118644
109,manufacture of wood and wood products,2014,6.0183,1.5882,83.95578894111422,4.347809466411947,0.18883017523340673,0.13513513513513514,0.0945945945945946
109,manufacture of wood and wood products,2015,6.6165,1.2938,83.69398462259956,4.3621449738473626,0.16638719512195124,0.09195402298850575,0.05747126436781609
109,manufacture of wood and wood products,2016,5.3191500000000005,1.0653,85.66540542415214,4.260765578336878,0.1800452537442086,0.11494252873563218,0.10344827586206896
109,manufacture of wood and wood products,2017,5.432,1.3508,87.65968318855391,4.163829787234043,0.16362235416761092,0.1111111111111111,0.07777777777777778
109,manufacture of wood and wood products,2018,5.7397,1.44955,89.9580996430712,4.057446648947557,0.21036776703903604,0.12903225806451613,0.12903225806451613
109,manufacture of wood and wood products,2019,6.762499999999999,1.4019,90.17164652933556,4.047886330406254,0.18389118141525296,0.14285714285714285,0.15384615384615385
109,manufacture of wood and wood products,2020,5.9313,1.8036,97.7964900100474,3.732240287585993,0.2569172502804046,0.1590909090909091,0.19318181818181818
109,manufacture of wood and wood products,2021,5.1255,1.948,107.69143234571573,3.390784081552849,0.24995666207488132,0.1,0.18888888888888888
109,manufacture of wood and wood products,2022,6.084350000000001,1.4899,83.62906657382693,4.364511227418538,0.31732115985260123,0.12345679012345678,0.2222222222222222
110,manufacture of paper and paper products,2012,10.0928,1.6613,58.57585493360418,6.231291114027078,0.07971498552660877,0.07377049180327869,0.16393442622950818
110,manufacture of paper and paper products,2013,11.7675,2.1138,62.719022186932094,5.8197192665864845,0.08128656900568812,0.07239819004524888,0.13574660633484162
110,manufacture of paper and paper products,2014,11.9997,1.9192,62.74194033825627,5.817483112724883,0.06843358525727301,0.06882591093117409,0.14979757085020243
110,manufacture of paper and paper products,2015,9.8911,1.5364499999999999,63.39059552681218,5.757951900698216,0.07646388950113879,0.056140350877192984,0.12982456140350876
110,manufacture of paper and paper products,2016,9.463349999999998,1.601,68.77336664132896,5.307287076748331,0.07931717863255562,0.07432432432432433,0.13513513513513514
110,manufacture of paper and paper products,2017,9.89465,1.6018,65.59760726072608,5.564227343678266,0.09779140381303836,0.08417508417508418,0.1414141414141414
110,manufacture of paper and paper products,2018,12.574300000000001,1.8994,67.0418592308105,5.444364517459059,0.07666445842994368,0.0981012658227848,0.15822784810126583
110,manufacture of paper and paper products,2019,11.17615,1.6984,62.11729659631251,5.875980121479846,0.08171873586685446,0.08708708708708708,0.16816816816816818
110,manufacture of paper and paper products,2020,9.8735,1.5864,67.74717943131972,5.3876781744106,0.1088064686236597,0.08536585365853659,0.1402439024390244
110,manufacture of paper and paper products,2021,9.5353,1.9384,76.79724590276527,4.752774604210869,0.11513576377812836,0.08359133126934984,0.15170278637770898
110,manufacture of paper and paper products,2022,11.6074,1.6618,62.42623557686312,5.846973830835884,0.12062814773363179,0.08278145695364239,0.17218543046357615
111,petroleum refinery,2012,35.0297,3.4875,52.280916361667515,6.981694539855715,0.07497685755311821,0.20987654320987653,0.19753086419753085
111,petroleum refinery,2013,46.5313,4.5052,53.33564774903656,6.843453026340966,0.04947052819596835,0.21794871794871795,0.15384615384615385
111,petroleum refinery,2014,29.25475,5.33895,47.618131162295526,7.665147520300217,0.04503758844412516,0.2073170731707317,0.15853658536585366
111,petroleum refinery,2015,31.54135,4.67175,48.43966963432998,7.5351463532963185,0.0688581192205384,0.22093023255813954,0.1511627906976744
111,petroleum refinery,2016,28.10725,3.6331,50.98729509537393,7.158653452956306,0.08729139922978177,0.20224719101123595,0.19101123595505617
111,petroleum refinery,2017,28.5168,4.0895,50.63012149831425,7.209147226955653,0.14233853344393604,0.17777777777777778,0.14444444444444443
111,petroleum refinery,2018,39.9546,5.6328,48.78376253631606,7.486466596288574,0.07626670194470168,0.1827956989247312,0.20430107526881722
111,petroleum refinery,2019,51.78,5.2361,46.502276683881725,7.849078067322101,0.0756424479891135,0.21978021978021978,0.16483516483516483
111,petroleum refinery,2020,34.9667,3.9381,48.62374631767686,7.507579905912335,0.15050224651575425,0.17582417582417584,0.23076923076923078
111,petroleum refinery,2021,26.9931,5.4744,55.87374702432628,6.532584969486412,0.161111955035698,0.21978021978021978,0.21978021978021978
111,petroleum refinery,2022,42.4621,6.42605,46.46084390550632,7.856077705827936,0.1101883845741872,0.1724137931034483,0.1839080459770115
112,chemicals,2012,17.1592,2.788,62.7936641342483,5.812706940550942,0.060339375788961896,0.1580188679245283,0.1804245283018868
112,chemicals,2013,18.1916,2.9676,63.708390392534035,5.729234713279315,0.05802975832815635,0.16627906976744186,0.18255813953488373
112,chemicals,2014,18.10895,2.66,64.36695824214542,5.670611288277558,0.05429725723191947,0.17536534446764093,0.20668058455114824
112,chemicals,2015,17.161,2.4644000000000004,62.9606951984177,5.797267626250306,0.060828371046711655,0.1518987341772152,0.1937682570593963
112,chemicals,2016,13.2912,2.2411,67.59399043095743,5.399888328427985,0.062354583527221966,0.13401109057301294,0.18576709796672827
112,chemicals,2017,14.120000000000001,2.6303,68.63914207531941,5.317665532583093,0.07347508414744273,0.14429223744292238,0.1780821917808219
112,chemicals,2018,16.4561,3.1805,73.86765725408634,4.94126947527916,0.06710455369834813,0.14386584289496912,0.18181818181818182
112,chemicals,2019,17.26215,3.1089,69.30774884890621,5.266366402921485,0.07539863325740319,0.16461267605633803,0.18397887323943662
112,chemicals,2020,16.5809,2.9381000000000004,71.51663030676492,5.103708024753982,0.10508619056639514,0.19395017793594305,0.18772241992882563
112,chemicals,2021,17.28815,3.3204,76.30473845364719,4.783451297457361,0.09009546539379476,0.17297297297297298,0.18558558558558558
112,chemicals,2022,23.0069,3.675,68.12672854464033,5.3576622244649865,0.08039849695833659,0.1813031161473088,0.1643059490084986
113,pharmaceutical manufacturing,2012,13.41335,2.8536,82.66078259530147,4.415662336100715,0.09520188578815299,0.1600831600831601,0.19542619542619544
113,pharmaceutical manufacturing,2013,15.2378,3.32055,77.89139047709426,4.686012122319688,0.09528497976151407,0.17173913043478262,0.21304347826086956
113,pharmaceutical manufacturing,2014,13.3199,3.3959,80.74830930330475,4.520248991079143,0.09915891987605135,0.1902834008097166,0.22469635627530365
113,pharmaceutical manufacturing,2015,12.3635,3.0889,79.54499349154884,4.588598125665932,0.0967741935483871,0.15225563909774437,0.18421052631578946
113,pharmaceutical manufacturing,2016,11.7887,2.7454,79.81305698346023,4.573206943869166,0.12145017431482016,0.1449016100178891,0.18604651162790697
113,pharmaceutical manufacturing,2017,12.0229,2.9701,80.52364180452597,4.53283039916497,0.12381895071029511,0.14956521739130435,0.1582608695652174
113,pharmaceutical manufacturing,2018,13.724,3.40965,87.33766449557004,4.179182052997568,0.09701370947094012,0.15384615384615385,0.18729096989966554
113,pharmaceutical manufacturing,2019,15.0967,3.6263,84.3310930585377,4.328178699405642,0.09119082384137916,0.18257956448911222,0.17420435510887772
113,pharmaceutical manufacturing,2020,15.75305,3.3718500000000002,82.85559829333047,4.405395645229285,0.11807580174927114,0.19120135363790186,0.19120135363790186
113,pharmaceutical manufacturing,2021,17.9977,3.9894,79.71182890415567,4.578994172105506,0.10598720222901689,0.19104991394148021,0.18932874354561102
113,pharmaceutical manufacturing,2022,21.1858,4.371449999999999,80.6823623443418,4.524078040234094,0.18927134656240113,0.2003577817531306,0.148479427549195
114,rubber & plastic manufacturing,2012,11.3666,1.7507,64.30842305256492,5.675772825305535,0.07001802687643395,0.12770137524557956,0.17485265225933203
114,rubber & plastic manufacturing,2013,12.1176,2.12575,66.3378619726689,5.502142342037068,0.07353382384456032,0.15079365079365079,0.19444444444444445
114,rubber & plastic manufacturing,2014,12.8003,2.0970500000000003,65.0463010163034,5.611387793716343,0.06898269206823558,0.1601423487544484,0.22241992882562278
114,rubber & plastic manufacturing,2015,11.7118,1.9744,63.22573187794955,5.772966993980725,0.07185239852398524,0.14169381107491857,0.18241042345276873
114,rubber & plastic manufacturing,2016,10.0743,1.7763,64.981876550168,5.616964990224398,0.07796651164936227,0.12691131498470948,0.18960244648318042
114,rubber & plastic manufacturing,2017,10.7411,1.9902,69.19977958678467,5.2745928865191365,0.08286341734162347,0.1208955223880597,0.1791044776119403
114,rubber & plastic manufacturing,2018,11.8407,2.4092000000000002,75.266327759339,4.848959896294065,0.07583281037548373,0.13852813852813853,0.18181818181818182
114,rubber & plastic manufacturing,2019,11.8698,2.3503499999999997,70.42966384157612,5.18247539589324,0.08988049552074406,0.14326647564469913,0.19484240687679083
114,rubber & plastic manufacturing,2020,10.6307,2.1251,71.96654431223511,5.071815349787272,0.09003319272035087,0.15735294117647058,0.2088235294117647
114,rubber & plastic manufacturing,2021,11.1357,2.2983,77.73171327274045,4.695646127822171,0.10159990657479855,0.1426448736998514,0.19167904903417535
114,rubber & plastic manufacturing,2022,13.2272,2.45985,66.92839635282199,5.453589505952805,0.1216991345336319,0.14599686028257458,0.18053375196232338
115,glass manufacturing,2012,16.5829,2.1580500000000002,42.53802183220404,8.580558857197994,0.11009771986970683,0.16549295774647887,0.176056338028169
115,glass manufacturing,2013,20.458,2.6296,44.30651747143187,8.238065657842466,0.1181709186165944,0.17375886524822695,0.15602836879432624
115,glass manufacturing,2014,16.9863,2.4027,58.74365732392001,6.21343676283796,0.11101694915254239,0.1942675159235669,0.1910828025477707
115,glass manufacturing,2015,17.120150000000002,2.3843,58.741025972386325,6.213758813313768,0.12775802527941751,0.14714714714714713,0.18018018018018017
115,glass manufacturing,2016,15.6113,2.3306,59.024073221211744,6.183917511623517,0.16581956797966962,0.1518624641833811,0.166189111747851
115,glass manufacturing,2017,16.3035,2.4346,60.28632829833828,6.054440704926142,0.15951985476623617,0.1590909090909091,0.13920454545454544
115,glass manufacturing,2018,15.963999999999999,2.7791,67.79347160234533,5.383999246136449,0.2044477883458081,0.1742857142857143,0.17714285714285713
115,glass manufacturing,2019,15.1068,2.7145,69.12871839513929,5.280010483157189,0.19201531396454286,0.17897727272727273,0.17897727272727273
115,glass manufacturing,2020,13.91715,2.3604,63.77946038743589,5.722845533385894,0.22418087756275148,0.20118343195266272,0.17751479289940827
115,glass manufacturing,2021,12.6963,2.7269,71.90490351572825,5.076148943307616,0.13266925590402545,0.1981981981981982,0.18018018018018017
115,glass manufacturing,2022,16.1572,2.6454,58.10533011975034,6.281720900547465,0.11789949078312362,0.17532467532467533,0.16233766233766234
116,basic metals manufacturing,2012,23.832,2.9996,51.88868530162232,7.034294241870887,0.07015432109098117,0.08102108768035517,0.11764705882352941
116,basic metals manufacturing,2013,24.3106,3.202,53.66720641937344,6.801173833192814,0.06987007576743823,0.09271523178807947,0.12472406181015452
116,basic metals manufacturing,2014,21.3197,2.8895,53.10924812395663,6.872626009468115,0.08762796686840094,0.08454810495626822,0.14188532555879493
116,basic metals manufacturing,2015,20.9945,2.5941,51.93830762632778,7.027568218548955,0.08596802712675315,0.06628787878787878,0.125
116,basic metals manufacturing,2016,17.500950000000003,2.40595,56.09014262633005,6.507384158556503,0.12331736664586533,0.06768953068592058,0.11732851985559567
116,basic metals manufacturing,2017,17.595950000000002,2.57645,56.33382241164951,6.479242076831429,0.12901559075816413,0.0993897122929381,0.12292938099389712
116,basic metals manufacturing,2018,23.8368,2.8314,54.12155138600694,6.744078732804459,0.09335928479530234,0.10096930533117932,0.12439418416801293
116,basic metals manufacturing,2019,26.6528,2.6475999999999997,43.070107579665944,8.474555295815186,0.103121387283237,0.0950446791226645,0.12185215272136475
116,basic metals manufacturing,2020,22.935850000000002,2.2475,44.91314316640346,8.1267970635605,0.13044305000950748,0.10981697171381032,0.11064891846921797
116,basic metals manufacturing,2021,23.0462,2.7146,51.98330109858261,7.00650872168706,0.11255585391882045,0.09737510584250635,0.1371718882303133
116,basic metals manufacturing,2022,33.778800000000004,3.00155,39.870383646520274,9.154664856902016,0.10275781636694199,0.0913978494623656,0.1424731182795699
117,fabricated metals manufacturing,2012,13.6101,2.4005,71.87022707394729,5.078629359666199,0.09710949371320791,0.08680555555555555,0.1909722222222222
117,fabricated metals manufacturing,2013,10.4293,2.3748,78.33791682688519,4.659320069229715,0.10793869707573167,0.0781758957654723,0.17263843648208468
117,fabricated metals manufacturing,2014,9.4388,1.8684,75.0586668302204,4.86291670979083,0.11094304663955179,0.07571801566579635,0.1514360313315927
117,fabricated metals manufacturing,2015,8.594100000000001,1.5949,77.24972420902984,4.724938777797039,0.1251430835607995,0.06341463414634146,0.14390243902439023
117,fabricated metals manufacturing,2016,7.9101,1.60095,75.50435072234482,4.834158515477196,0.13248149280767763,0.07728337236533958,0.1358313817330211
117,fabricated metals manufacturing,2017,8.6357,1.441,74.48209771589353,4.900524340842452,0.1554451353940045,0.06775700934579439,0.16355140186915887
117,fabricated metals manufacturing,2018,9.1801,1.6056,78.88262259484891,4.627128104939994,0.15119467293380337,0.06636155606407322,0.18077803203661327
117,fabricated metals manufacturing,2019,10.1067,1.67965,70.8394220761153,5.15249827430574,0.13106796116504854,0.0787037037037037,0.1736111111111111
117,fabricated metals manufacturing,2020,7.9999,1.53325,72.65565966992258,5.023697824027659,0.18395303326810178,0.08788598574821853,0.15676959619952494
117,fabricated metals manufacturing,2021,7.93895,1.5949,84.53285981380401,4.317847765622976,0.15589910445186758,0.11165048543689321,0.1529126213592233
117,fabricated metals manufacturing,2022,10.1299,1.85915,67.97044118645312,5.369981327600188,0.13003120887313935,0.11139896373056994,0.16062176165803108
118,computer & electronic manufacturing,2012,7.738,1.9275,104.29982042491665,3.499526638809088,0.16651120406275605,0.14873417721518986,0.19936708860759494
118,computer & electronic manufacturing,2013,9.6776,2.37025,108.91459074733096,3.3512497957850025,0.14101384764272593,0.1737704918032787,0.1901639344262295
118,computer & electronic manufacturing,2014,7.83345,1.9282,100.11602107793288,3.645770138186721,0.1741515255399383,0.21194029850746268,0.23283582089552238
118,computer & electronic manufacturing,2015,6.41475,1.6557,101.46685308167308,3.597233864207879,0.16638401170524075,0.15119363395225463,0.20954907161803712
118,computer & electronic manufacturing,2016,6.5374,1.589,96.85497342185602,3.768534450436001,0.16699882793438256,0.1614457831325301,0.20481927710843373
118,computer & electronic manufacturing,2017,7.46615,1.9416,98.92859531698008,3.6895297950051,0.2065880836364537,0.17592592592592593,0.19907407407407407
118,computer & electronic manufacturing,2018,8.1273,2.107,100.82963677274188,3.6199674191296256,0.16232044928529882,0.14254859611231102,0.21382289416846653
118,computer & electronic manufacturing,2019,8.3817,2.1870000000000003,94.4407797395936,3.8648558494162497,0.1432643250922542,0.1648590021691974,0.24511930585683298
118,computer & electronic manufacturing,2020,7.928649999999999,1.8883,91.21603824901943,4.001489288578302,0.2288984769434071,0.174496644295302,0.19239373601789708
118,computer & electronic manufacturing,2021,9.2248,2.3086,101.93449521070164,3.58073487527679,0.17047817047817052,0.16589861751152074,0.21428571428571427
118,computer & electronic manufacturing,2022,12.496649999999999,2.6402,85.89589880758486,4.249330254339983,0.13897747145355416,0.18045112781954886,0.22556390977443608
119,electrical equipment manufacturing,2012,12.92055,2.80885,82.78235226532878,4.409152313407633,0.12132251337838856,0.16083916083916083,0.16317016317016317
119,electrical equipment manufacturing,2013,13.1856,3.04755,90.38847219133494,4.038125561270308,0.10926714441059365,0.18018018018018017,0.18468468468468469
119,electrical equipment manufacturing,2014,11.3761,2.6248,86.33888967822993,4.227546457423282,0.12202758737412203,0.1592741935483871,0.2157258064516129
119,electrical equipment manufacturing,2015,9.9872,2.4468,87.21539310986154,4.18504104591061,0.12711616294570768,0.1520572450805009,0.19320214669051877
119,electrical equipment manufacturing,2016,10.5264,2.6171,90.25674490364425,4.044019096740798,0.14557379012937227,0.15423728813559323,0.20677966101694914
119,electrical equipment manufacturing,2017,10.8276,2.6379,88.5043142431131,4.124092741935484,0.1156952429231425,0.17647058823529413,0.1899159663865546
119,electrical equipment manufacturing,2018,12.3098,3.00745,91.86590794271126,3.9731923081352702,0.13014809590973203,0.15358931552587646,0.19365609348914858
119,electrical equipment manufacturing,2019,13.8618,3.1693499999999997,85.99684509977484,4.2443417497063,0.1295922711036257,0.17288135593220338,0.211864406779661
119,electrical equipment manufacturing,2020,11.858699999999999,2.7579000000000002,87.89209419579917,4.15281946959736,0.20040954267734362,0.18867924528301888,0.22126929674099485
119,electrical equipment manufacturing,2021,10.548449999999999,2.74615,100.42137454201632,3.634684365401551,0.19717649265981896,0.1733102253032929,0.22357019064124783
119,electrical equipment manufacturing,2022,13.1105,2.8664500000000004,85.99517586575178,4.244535123603022,0.1618510158013544,0.16792452830188678,0.22641509433962265
120,machinery manufacturing,2012,14.7615,2.6131,74.82791813239525,4.8778585467818925,0.14455706944509925,0.17073170731707318,0.2038327526132404
120,machinery manufacturing,2013,12.306049999999999,2.7047499999999998,80.12690263448026,4.555274046533941,0.15892946186064738,0.1835334476843911,0.22126929674099485
120,machinery manufacturing,2014,9.19955,1.9085999999999999,79.40840047441816,4.596496827640374,0.17426263314225174,0.1976911976911977,0.2756132756132756
120,machinery manufacturing,2015,8.6822,1.7814,77.83281733746131,4.689538583929991,0.16393652418735602,0.1822721598002497,0.2596754057428215
120,machinery manufacturing,2016,8.068999999999999,1.7226,81.30819622561275,4.489116787345198,0.18394978325733266,0.16666666666666666,0.2761904761904762
120,machinery manufacturing,2017,9.1552,1.9037,80.74157353703787,4.520595574379867,0.19128242074927954,0.17927823050058206,0.2712456344586729
120,machinery manufacturing,2018,9.58145,1.99475,84.65682970575389,4.311524599463637,0.19990439360113538,0.18253968253968253,0.2732426303854875
120,machinery manufacturing,2019,10.38235,2.0093,78.54745657568238,4.646872297492073,0.17327359380429924,0.17097862767154107,0.27109111361079863
120,machinery manufacturing,2020,8.6267,1.661,76.6193691521173,4.763808473485893,0.21780697218678588,0.175,0.2590909090909091
120,machinery manufacturing,2021,8.71995,1.9343,90.50337617943174,4.032998716825238,0.2241443411642129,0.17050691244239632,0.24193548387096775
120,machinery manufacturing,2022,10.8762,2.2047499999999998,77.9058792510674,4.66587943792067,0.17719461185679397,0.16336633663366337,0.23267326732673269
121,vehicle manufacturing,2012,30.8606,4.93415,56.08818561552059,6.5076093297444455,0.03654689216024526,0.14285714285714285,0.14285714285714285
121,vehicle manufacturing,2013,26.552149999999997,4.3765,59.742478951962006,6.1095563558023755,0.035258889291551104,0.15,0.12419354838709677
121,vehicle manufacturing,2014,22.45305,3.8565,58.97624036740805,6.188932996171613,0.037960787757700835,0.18911174785100288,0.16189111747851004
121,vehicle manufacturing,2015,23.1514,3.56285,55.115195019499424,6.62250373169482,0.042317173377156944,0.1752021563342318,0.15633423180592992
121,vehicle manufacturing,2016,21.94435,3.49585,57.056976574882285,6.397115587206607,0.049917439349676115,0.18998716302952504,0.13478818998716302
121,vehicle manufacturing,2017,23.80155,3.6709,58.792452865983456,6.208279842176549,0.05732583040768748,0.18860759493670887,0.13037974683544304
121,vehicle manufacturing,2018,29.5842,4.8815,62.85456923980887,5.807055945406554,0.04403560873691466,0.16727716727716727,0.14285714285714285
121,vehicle manufacturing,2019,31.0599,4.6236999999999995,57.31030373379472,6.368845917770995,0.05199586666156378,0.16299019607843138,0.14583333333333334
121,vehicle manufacturing,2020,26.0549,3.7202,56.37404282490921,6.474611083174239,0.055264960458309975,0.15716096324461343,0.14068441064638784
121,vehicle manufacturing,2021,25.81025,4.87345,73.93403364473689,4.936833309459008,0.05600956090702153,0.16237113402061856,0.1327319587628866
121,vehicle manufacturing,2022,36.2649,5.82925,62.67221314130328,5.823952621188857,0.05819986465147755,0.14542936288088643,0.14265927977839335
123,other manufacturing,2012,8.66005,1.44665,85.59433285509327,4.264301009483022,0.19899244332493704,0.05945945945945946,0.0963963963963964
123,other manufacturing,2013,9.0168,2.0797999999999996,85.19279476907596,4.2845034226589025,0.16764059413775817,0.0708245243128964,0.10993657505285412
123,other manufacturing,2014,13.4953,2.1159,69.28096097628276,5.26842534864104,0.1464947160939089,0.080797481636936,0.12172088142707241
123,other manufacturing,2015,9.78705,1.8487,73.70085276877927,4.95249790831101,0.17396045812983935,0.08498023715415019,0.1067193675889328
123,other manufacturing,2016,7.1947,1.6383,77.63942931258107,4.701219512195122,0.2133152244955181,0.0691588785046729,0.09158878504672897
123,other manufacturing,2017,8.0881,1.6716,73.77788877788878,4.947281713344316,0.16652578191039727,0.0655893536121673,0.10361216730038023
123,other manufacturing,2018,10.318950000000001,2.2439,77.87583321114782,4.629067245119306,0.21081441287067446,0.09014084507042254,0.1136150234741784
123,other manufacturing,2019,10.0938,2.0251,73.12917715598606,4.9911703075889875,0.17484720874636153,0.08463035019455253,0.10116731517509728
123,other manufacturing,2020,8.4209,1.7162,78.40353208245244,4.655402543704488,0.1792420202346673,0.1068931068931069,0.1068931068931069
123,other manufacturing,2021,8.358,1.8065,86.42195767195767,4.223463687150838,0.16880709703336894,0.0865979381443299,0.10927835051546392
123,other manufacturing,2022,9.3246,1.8532,74.32069107376893,4.91124481391847,0.24146654838364348,0.08916478555304741,0.09593679458239278
124,Utility electric power generation,2012,8.4415,1.9733,91.78779233454708,3.976563666218839,0.37421383647798745,0.06701030927835051,0.09278350515463918
124,Utility electric power generation,2013,10.8374,2.12575,79.61895257608734,4.584339731535562,0.38274446741925233,0.07166666666666667,0.095
124,Utility electric power generation,2014,9.347,1.3726500000000001,61.86479185109667,5.899978919647511,0.3354885081780604,0.0729483282674772,0.07446808510638298
124,Utility electric power generation,2015,8.0809,1.7334,68.59543551763,5.321081966629272,0.3386277788098334,0.06926406926406926,0.06204906204906205
124,Utility electric power generation,2016,6.29645,1.8837000000000002,84.90034243983654,4.299158160152913,0.33333333333333337,0.05941845764854614,0.045512010113780026
124,Utility electric power generation,2017,6.9504,2.3952,81.08042751057111,4.501733260274296,0.5511551155115512,0.05741626794258373,0.04904306220095694
124,Utility electric power generation,2018,7.21225,1.9471,76.79724379854675,4.617621899059024,0.4077074573001949,0.06993006993006994,0.04428904428904429
124,Utility electric power generation,2019,7.1274,2.0833500000000003,84.26644140567241,4.312708084678686,0.46599955855512365,0.08037825059101655,0.054373522458628844
124,Utility electric power generation,2020,6.7397,2.3241,87.33555767397522,4.107185918318668,0.48148148148148145,0.09378806333739342,0.058465286236297195
124,Utility electric power generation,2021,6.9375,2.7365,90.09726939645734,4.01281934595292,0.5176243618593502,0.09440993788819876,0.055900621118012424
124,Utility electric power generation,2022,7.3461,2.8461,89.24683714417871,4.087786803477269,0.5176957304325241,0.09622886866059818,0.036410923276983094
125,Water & waste management,2012,1.4347500000000002,0.3537,88.88299145323822,4.977113790896193,0.3041575492341357,0.09090909090909091,0.0
125,Water & waste management,2013,2.3114,0.6194,144.9146953189878,2.7474581824994426,0.3870796545568582,0.09090909090909091,0.0
125,Water & waste management,2014,3.2189,0.85555,173.34146740185477,2.1056704173031275,0.325598743619945,0.07692307692307693,0.0
125,Water & waste management,2015,2.63575,0.53645,121.66666666666666,3.0,0.22515391380826738,0.0,0.0
125,Water & waste management,2016,2.9908,0.5521,160.90587085331936,2.268406976478387,0.33965074224442315,0.0,0.0
125,Water & waste management,2017,4.2321,0.8692,165.01146077866858,2.211967570480319,0.1283253734548409,0.0,0.10526315789473684
125,Water & waste management,2018,3.8733500000000003,1.135,84.26720450680008,4.340134009767784,0.6175908221797324,0.0,0.05
125,Water & waste management,2019,7.1993,0.6952,58.62068592682295,6.226470984246667,0.4260610975939443,0.0,0.1
125,Water & waste management,2020,3.0894,0.91595,102.33799443257593,3.566612791503117,0.3308439953874032,0.0,0.15
125,Water & waste management,2021,3.8657500000000002,0.9128499999999999,171.04194893089743,2.141658030982505,0.44472697720457144,0.0,0.05
125,Water & waste management,2022,5.9886,0.9863,99.05625268381124,3.684774964838256,0.5640983851545865,0.0,0.1111111111111111
126,construction,2012,2.0368,0.6438,88.88426685854337,4.106463527239151,0.5223873044971801,0.01866251944012442,0.034992223950233284
126,construction,2013,2.8279,0.73985,86.06986899563319,4.2407407407407405,0.47824030274361395,0.03236514522821577,0.03983402489626556
126,construction,2014,3.79995,0.6547499999999999,67.09629040185796,5.439973922504034,0.5365735952795976,0.03581661891117478,0.04154727793696275
126,construction,2015,3.30505,0.6165,72.97467036780014,4.978650606961829,0.5135935701752731,0.021250758955676987,0.024893746205221615
126,construction,2016,2.8535500000000003,0.6237,79.41027956273597,4.526259349078384,0.5902588235436503,0.02756598240469208,0.03167155425219941
126,construction,2017,2.829,0.66515,88.94530088299385,3.984687868080094,0.5731681713205963,0.028364514182257092,0.02715751357875679
126,construction,2018,2.9683,0.7767,98.83064289330107,3.620286085825748,0.7313414696983578,0.037371910789632305,0.03496081977094635
126,construction,2019,2.6699,0.6578,81.67874952855887,4.4383621315522,0.7689927544412588,0.03781773093614383,0.035337879727216366
126,construction,2020,2.2865,0.6045499999999999,90.30577607445936,3.9923191713483135,0.7720291026677445,0.05410691003911343,0.03585397653194263
126,construction,2021,1.8944,0.5179,103.32810026591272,3.52146594320678,0.8453532247698302,0.053440213760855046,0.04809619238476954
126,construction,2022,2.3379,0.5154,79.92276917448122,4.566908826734471,0.8844535873302147,0.04,0.044444444444444446
127,infra engineering,2012,17.761249999999997,4.4830000000000005,102.35609519515315,3.565982228199008,0.24204729412832657,0.088348271446863,0.10499359795134443
127,infra engineering,2013,18.7155,4.71195,110.06168407461769,3.3163225882245158,0.2973830692894744,0.0880893300248139,0.10918114143920596
127,infra engineering,2014,16.69945,4.1794,94.38018401254088,3.867337403189383,0.2605128205128205,0.08731082654249127,0.11292200232828871
127,infra engineering,2015,13.11535,3.7326,103.10892522568555,3.539945734097076,0.2783623055809698,0.07225130890052356,0.1068062827225131
127,infra engineering,2016,12.2288,3.4026,107.84405251072161,3.384516989655388,0.28965599395448743,0.0738255033557047,0.10162991371045062
127,infra engineering,2017,13.6384,3.8855,108.39162968763594,3.367418693231761,0.29599159773099537,0.08349146110056926,0.11480075901328274
127,infra engineering,2018,16.179299999999998,4.4816,108.25332244981252,3.3717209942375503,0.28425748884639895,0.09267840593141798,0.10194624652455977
127,infra engineering,2019,15.0996,4.223599999999999,106.00349176606248,3.4432828005846545,0.24662709120345386,0.11571025399811853,0.10253998118532455
127,infra engineering,2020,14.34555,4.1627,111.17061353278095,3.2673625142981497,0.37073945208255915,0.10361216730038023,0.09125475285171103
127,infra engineering,2021,13.9561,4.7058,109.92687484215186,3.302275985170097,0.3564556299676359,0.10617760617760617,0.08301158301158301
127,infra engineering,2022,16.0654,5.0718499999999995,91.89233434993815,3.9570787956438185,0.34989934574735787,0.1156677181913775,0.08622502628811778
128,automobile sale & service,2012,21.369950000000003,1.1883,16.54294004694939,22.06379270940464,0.04721248445097818,0.1366906474820144,0.1366906474820144
128,automobile sale & service,2013,23.3401,1.1865,22.167545046918363,16.46551294820717,0.06598026328961035,0.11486486486486487,0.13513513513513514
128,automobile sale & service,2014,20.5936,0.9227,21.487710611006303,16.986453634248125,0.06950354609929078,0.13368983957219252,0.1497326203208556
128,automobile sale & service,2015,20.2659,0.9368,19.80541475182634,18.42930353005316,0.08796038005120949,0.11374407582938388,0.14691943127962084
128,automobile sale & service,2016,17.8173,0.9221,21.414542953795344,17.048405068390245,0.07875134839725241,0.09333333333333334,0.13777777777777778
128,automobile sale & service,2017,24.3795,1.2044,24.745891077501508,14.74992348656424,0.07272314193431886,0.1206896551724138,0.09913793103448276
128,automobile sale & service,2018,34.413349999999994,1.6733,21.2684588336688,17.161563179283622,0.08691133868851596,0.10507246376811594,0.11956521739130435
128,automobile sale & service,2019,31.2427,1.7545,22.72501301723232,16.06162404791028,0.07344202346487887,0.12087912087912088,0.10989010989010989
128,automobile sale & service,2020,27.5505,1.2024,19.366686580492278,18.855071168531797,0.13207711768298003,0.10687022900763359,0.12595419847328243
128,automobile sale & service,2021,24.4118,1.3346,22.716531617389812,16.06795925931334,0.09480401093892434,0.08695652173913043,0.1422924901185771
128,automobile sale & service,2022,31.9623,1.2276,18.801511081619257,19.413351990951387,0.076423063991708,0.1038961038961039,0.12121212121212122
129,Wholesale trading business,2012,3.5798500000000004,0.7611,72.29581993569133,5.048701298701299,0.18848126355711256,0.06910569105691057,0.11517615176151762
129,Wholesale trading business,2013,4.3563,0.9301,74.6505131069128,4.884195355624087,0.18031450922337847,0.07172877556738583,0.11627906976744186
129,Wholesale trading business,2014,5.0644,0.944,75.19731874208576,4.853896470057517,0.1786205463532206,0.09117792015771316,0.14391325776244454
129,Wholesale trading business,2015,3.7742,0.743,74.0133697936963,4.931541448924261,0.18468135129912766,0.08002574554816563,0.12937137953228922
129,Wholesale trading business,2016,3.1885,0.6811499999999999,78.00637958532695,4.679104477611941,0.2040196206103225,0.07776234874032929,0.1337036302320968
129,Wholesale trading business,2017,3.2826,0.70765,79.6330396231904,4.5814701979156665,0.21833445966811066,0.0768046198267565,0.13801732435033687
129,Wholesale trading business,2018,4.26475,0.8805000000000001,81.85922330097088,4.458874458874459,0.22269115320448019,0.09040258806613947,0.14485981308411214
129,Wholesale trading business,2019,4.3467,0.8679,77.32165516065311,4.718701449856782,0.2086253331904419,0.09804624484674673,0.1412439505287686
129,Wholesale trading business,2020,4.0726,0.8090999999999999,76.86197317067646,4.736988847583644,0.23279703898050974,0.10049333089713137,0.14050794810889822
129,Wholesale trading business,2021,3.7737,0.8387,83.93053521593767,4.348366771679656,0.2591657810839532,0.10084033613445378,0.1488328664799253
129,Wholesale trading business,2022,4.4462,0.88595,70.49239835813708,5.1705659262178,0.2484076433121019,0.09554655870445344,0.14757085020242916
130,Retail trading business,2012,7.40315,0.6776,35.90973575359792,10.16909486931268,0.15399968769401784,0.10294117647058823,0.14411764705882352
130,Retail trading business,2013,9.2355,0.647,29.0219802253161,12.576674546887316,0.16825532472422505,0.1078167115902965,0.11320754716981132
130,Retail trading business,2014,9.2241,0.5622,33.79545959772764,10.80050083181502,0.18304210827843023,0.10199556541019955,0.12416851441241686
130,Retail trading business,2015,6.7382,0.4988,35.41757813398055,10.305777442859736,0.1885958406265761,0.07722007722007722,0.13320463320463322
130,Retail trading business,2016,5.2774,0.4163,31.100862109301694,11.739359155935636,0.1459364521794667,0.09107142857142857,0.11607142857142858
130,Retail trading business,2017,5.589,0.40045,33.643086380415696,10.84925078185522,0.19774501300954034,0.08596491228070176,0.12456140350877193
130,Retail trading business,2018,9.5307,0.4537,34.69494107724131,10.520742292464863,0.18312655086848637,0.09193548387096774,0.1064516129032258
130,Retail trading business,2019,11.15165,0.50375,33.38073170791754,10.934452811450567,0.17577464788732397,0.1185064935064935,0.15097402597402598
130,Retail trading business,2020,10.7598,0.5138,33.841069317066186,10.785961101057449,0.19776476213244085,0.12162162162162163,0.14358108108108109
130,Retail trading business,2021,8.4253,0.6759,38.5786044426292,9.380210595885078,0.2906810767234985,0.15120274914089346,0.14604810996563575
130,Retail trading business,2022,11.4336,0.68925,31.483250694213492,11.593608330352293,0.24881430134987229,0.1478743068391867,0.13863216266173753
131,transportation,2012,11.4023,2.26835,68.15358640717726,5.355550885016402,0.15492750986779788,0.1434108527131783,0.1821705426356589
131,transportation,2013,11.998149999999999,2.19285,67.82220462867403,5.381718303000792,0.1272140111740698,0.16602316602316602,0.16216216216216217
131,transportation,2014,12.769200000000001,2.2503,70.21030698538294,5.198909866477667,0.1553677697968913,0.1951219512195122,0.21254355400696864
131,transportation,2015,11.90315,2.18975,65.44425436860261,5.577265774077053,0.16954838709677417,0.17405063291139242,0.20569620253164558
131,transportation,2016,9.3745,1.7815,65.9458949204794,5.534840348138937,0.15153496960837118,0.17151162790697674,0.19767441860465115
131,transportation,2017,9.45555,1.83165,66.86474553111648,5.458780962983579,0.1443223443223443,0.17086834733893558,0.17086834733893558
131,transportation,2018,11.97065,2.2316,75.33073741042124,4.845299708290204,0.16981875492513787,0.19170984455958548,0.18652849740932642
131,transportation,2019,13.243649999999999,1.9848,69.50085028509163,5.25173430976419,0.16296584249926102,0.1868421052631579,0.23684210526315788
131,transportation,2020,12.2682,2.2636,69.64978238642018,5.240504528427142,0.16012767075964102,0.192,0.208
131,transportation,2021,10.5079,2.5084999999999997,77.6095841985106,4.703033309160324,0.13386814664579844,0.1983695652173913,0.18206521739130435
131,transportation,2022,13.5721,2.3556,61.829329263594644,5.903417291520474,0.13158442862210734,0.1642651296829971,0.17579250720461095
132,Warehousing & storage,2012,8.4619,1.1879,52.629668049792535,6.935251798561152,0.12524138438155935,0.12441314553990611,0.11971830985915492
132,Warehousing & storage,2013,8.7309,1.0826,59.249299897344144,6.160410344635332,0.12061576139246041,0.1162280701754386,0.1206140350877193
132,Warehousing & storage,2014,8.06455,1.2325,56.10600125385518,6.505542933785891,0.1371777703381319,0.12643678160919541,0.11685823754789272
132,Warehousing & storage,2015,8.130500000000001,1.0921,56.80174135356691,6.425859336389509,0.14054909163234638,0.12949640287769784,0.10971223021582734
132,Warehousing & storage,2016,8.2868,1.0861999999999998,60.82785334654535,6.000540540540541,0.12287844823642435,0.135678391959799,0.10050251256281408
132,Warehousing & storage,2017,8.7691,1.19305,63.751670603510505,5.725340172961536,0.14426777027517607,0.13680781758957655,0.10749185667752444
132,Warehousing & storage,2018,10.635,1.38955,60.67314411591842,6.015841198251622,0.11601604143910571,0.1421875,0.11875
132,Warehousing & storage,2019,10.747900000000001,1.27665,56.95974925767073,6.408033826638478,0.13391108499804152,0.14797507788161993,0.12305295950155763
132,Warehousing & storage,2020,11.1795,1.2656,59.20051672168797,6.165486725663716,0.13045645842699127,0.168,0.1232
132,Warehousing & storage,2021,10.9928,1.2652,63.32003988035893,5.764367816091954,0.22088222511951328,0.14705882352941177,0.13398692810457516
132,Warehousing & storage,2022,13.4003,1.2001,48.76334740501614,7.485130111524164,0.1401865047945808,0.14948453608247422,0.14261168384879724
133,hotel industry,2012,2.639,0.2464,24.248714402717543,15.05234438156831,0.1815029390620375,0.11267605633802817,0.12441314553990611
133,hotel industry,2013,2.6864,0.2518,26.36999858617277,13.841487279843443,0.1838,0.13480392156862744,0.125
133,hotel industry,2014,3.3386,0.2196,25.074324026346545,14.556744930165127,0.18683157540571088,0.13095238095238096,0.14285714285714285
133,hotel industry,2015,2.78305,0.2114,21.873848042017535,16.688828194962923,0.2413793103448276,0.09631147540983606,0.12090163934426229
133,hotel industry,2016,2.4395,0.2119,23.913305496965258,15.2634691195795,0.18967203249586279,0.1053639846743295,0.10153256704980843
133,hotel industry,2017,2.7759,0.2154,23.60160978750805,15.465046803425611,0.17249893371968014,0.1436893203883495,0.1029126213592233
133,hotel industry,2018,3.2774,0.2384,25.81457569502038,14.139778837696227,0.20138145870119084,0.1378640776699029,0.0912621359223301
133,hotel industry,2019,3.2830500000000002,0.23170000000000002,23.983188972711183,15.218993621545003,0.16999260901699925,0.17227722772277226,0.09504950495049505
133,hotel industry,2020,2.9509,0.1977,21.63295927272396,16.87246698194114,0.21430794465239517,0.1663286004056795,0.09127789046653144
133,hotel industry,2021,1.2996,0.1374,34.21875,10.666666666666666,0.42995700429957007,0.1522633744855967,0.0823045267489712
133,hotel industry,2022,2.3005,0.1738,23.556097629932566,15.494933764316812,0.3032119914346895,0.1390728476821192,0.09492273730684327
134,publishing ,2012,18.6847,4.2505,88.5393094073024,4.122462694179272,0.16177011146268078,0.34285714285714286,0.38571428571428573
134,publishing ,2013,24.7439,5.0382,100.64285351063424,3.6266857235067658,0.16664369563414055,0.38596491228070173,0.38596491228070173
134,publishing ,2014,17.0535,4.7021999999999995,102.38403726927274,3.5699335094881057,0.1493144779985928,0.3582089552238806,0.4626865671641791
134,publishing ,2015,10.292300000000001,3.55405,91.95713284993495,3.969499549724387,0.1633922203748404,0.2804878048780488,0.45121951219512196
134,publishing ,2016,9.8759,2.9155,88.18053483167023,4.139235497910696,0.18693599337687256,0.29069767441860467,0.45348837209302323
134,publishing ,2017,10.7229,3.4471499999999997,93.7917497228607,3.89160028551035,0.21403167868507605,0.3103448275862069,0.40229885057471265
134,publishing ,2018,11.181,4.1448,105.14752388786246,3.471313317746451,0.21767563030242187,0.31868131868131866,0.3516483516483517
134,publishing ,2019,7.521699999999999,3.79685,109.78188419787793,3.324777272228687,0.1945333503449407,0.26373626373626374,0.34065934065934067
134,publishing ,2020,8.30185,3.7632,123.08513323361728,2.9704692177084238,0.29118718690672707,0.3146067415730337,0.39325842696629215
134,publishing ,2021,6.5164,3.51135,137.35269810992202,2.6580893902752143,0.2752981679577032,0.27906976744186046,0.3953488372093023
134,publishing ,2022,8.4078,3.53205,124.53494970337891,2.9309041427275475,0.22562438744127886,0.20238095238095238,0.3333333333333333
135,"video, audio broadcasting",2012,3.56995,1.0015,116.10480374289973,3.143751015665496,0.290486593043519,0.2159090909090909,0.2215909090909091
135,"video, audio broadcasting",2013,2.9805,0.9512,123.59545538107484,2.9531830185391224,0.2678108808290155,0.23595505617977527,0.24157303370786518
135,"video, audio broadcasting",2014,4.23265,1.1014,110.79807841917787,3.2943003936356843,0.26861705233122685,0.2358974358974359,0.2564102564102564
135,"video, audio broadcasting",2015,3.1625,1.0841,105.34092215706563,3.4649402390438246,0.2959955194623355,0.18811881188118812,0.20297029702970298
135,"video, audio broadcasting",2016,3.5869,0.9355,111.85975917991843,3.2632646025849774,0.2891330779303429,0.2,0.23
135,"video, audio broadcasting",2017,3.7027,0.8434,91.48192190973667,3.989902525607753,0.3948962476194322,0.1890547263681592,0.15422885572139303
135,"video, audio broadcasting",2018,3.7949,1.18885,112.61032951749225,3.2412657130472478,0.5158261889511241,0.20689655172413793,0.22167487684729065
135,"video, audio broadcasting",2019,4.2006,1.2313,100.02616808252428,3.6490451148629943,0.2759942501197892,0.16336633663366337,0.2079207920792079
135,"video, audio broadcasting",2020,3.63075,0.98855,108.9158492514197,3.35121107266436,0.47594245526260315,0.24468085106382978,0.2074468085106383
135,"video, audio broadcasting",2021,2.9021,1.03235,125.20662548174735,2.9152737995367533,0.24605168700646088,0.1783783783783784,0.1945945945945946
135,"video, audio broadcasting",2022,3.473,1.065,111.434001826672,3.275481397210635,0.3299891958635592,0.1724137931034483,0.1896551724137931
136,telecom services,2012,8.92735,2.8715,93.34021619598025,3.910425911523857,0.2775926947137334,0.36046511627906974,0.29651162790697677
136,telecom services,2013,7.5656,1.6821000000000002,107.09755819438416,3.4081114970365176,0.28211484335457176,0.41624365482233505,0.3299492385786802
136,telecom services,2014,4.2449,1.3128,93.0108060425626,3.924275205538728,0.2987143709167221,0.41333333333333333,0.38666666666666666
136,telecom services,2015,1.3627,0.55405,110.0552316679549,3.316694930653509,0.28478001318673485,0.28939828080229224,0.22349570200573066
136,telecom services,2016,1.2533,0.46625000000000005,127.9415490408976,2.852865255549819,0.22847150014179032,0.3708791208791209,0.17857142857142858
136,telecom services,2017,2.5711,0.6128,143.2409216465674,2.548154506437768,0.27347381165668516,0.3872832369942196,0.19653179190751446
136,telecom services,2018,2.8252,0.7074499999999999,137.0378576896874,2.6635091502476973,0.18927834701567697,0.3072463768115942,0.1681159420289855
136,telecom services,2019,2.6353,0.6549,119.0433841182204,3.03257403189066,0.2299465240641711,0.34036144578313254,0.20481927710843373
136,telecom services,2020,3.1822,0.7162,111.69422984065667,3.2678500986193293,0.22503628234175432,0.36555891238670696,0.14803625377643503
136,telecom services,2021,3.5512,0.7446,111.06497304948364,3.2864802202579337,0.3069891172914148,0.2260061919504644,0.16718266253869968
136,telecom services,2022,5.0154,0.8433,95.53615219957203,3.8205432993818884,0.1584181861236088,0.21923076923076923,0.15384615384615385
137,software industry,2012,3.98635,1.54105,100.92716474664773,3.61657719724521,0.16722255619671877,0.16206482593037214,0.18847539015606243
137,software industry,2013,4.2092,1.4521,92.2429742714215,3.9569553619562368,0.1680282623095606,0.15712682379349047,0.17732884399551066
137,software industry,2014,5.6487,1.5259,84.4667473178186,4.321227128903563,0.14520513062886664,0.1744186046511628,0.19767441860465115
137,software industry,2015,5.1137,1.4307500000000002,82.5082660064958,4.423882519748036,0.16519174041297935,0.17068645640074212,0.1567717996289425
137,software industry,2016,4.591,1.2973,84.33049191973005,4.328209069946196,0.1898063606631964,0.1356223175965665,0.16566523605150216
137,software industry,2017,5.78615,1.4501,83.00999046771415,4.397082404306437,0.15950334288443171,0.1549876339653751,0.16488046166529266
137,software industry,2018,8.00045,1.96245,78.72194719471948,4.636572302983932,0.18224510658638463,0.15202952029520295,0.17047970479704797
137,software industry,2019,8.6343,1.9862,77.99417529741407,4.679848157892207,0.17020468252837534,0.1590909090909091,0.15102639296187684
137,software industry,2020,8.8338,2.2091000000000003,80.68702263801507,4.523661015738142,0.18060379467045234,0.15201192250372578,0.1453055141579732
137,software industry,2021,9.7894,2.4625000000000004,81.04065775126071,4.503917509512586,0.16404128191200434,0.1491628614916286,0.14231354642313546
137,software industry,2022,12.212,2.934,76.29246054930971,4.764837808373582,0.16793893129770993,0.1349141455437449,0.13654946852003272
138,financial services,2012,0.4988,0.2365,100.2559355508437,3.640686387381714,0.692863239445867,0.050935869898741944,0.08192697146363916
138,financial services,2013,0.5551,0.25639999999999996,107.01165047258698,3.4108435706587064,0.6350277998411437,0.05472312703583062,0.08599348534201955
138,financial services,2014,0.6212,0.2573,104.18643071150562,3.5033352952717283,0.7424242424242424,0.05891669306303453,0.08679125752296483
138,financial services,2015,0.45,0.2178,112.78202852420888,3.236331220285261,0.828905325536894,0.05070086489710707,0.06173575902177155
138,financial services,2016,0.3029,0.18575,125.16283524904216,2.916201117318436,0.9355454147146564,0.043685464654487687,0.05480540111199365
138,financial services,2017,0.2958,0.1972,130.442237845132,2.784482544527769,0.9813432835820896,0.04296257248286769,0.05350553505535055
138,financial services,2018,0.2599,0.1861,147.32825333265103,2.4651239621360768,1.0,0.0446853516657853,0.05103120042305658
138,financial services,2019,0.20800000000000002,0.1497,144.21826524309353,2.523023810266316,1.0,0.043142476697736354,0.05725699067909454
138,financial services,2020,0.121,0.1298,201.1151742553373,1.8099173553719008,1.0,0.04506732618851333,0.05331134927177796
138,financial services,2021,0.0879,0.1387,274.6043598014687,1.2993612986747225,1.0,0.030612244897959183,0.045068027210884355
138,financial services,2022,0.0695,0.1259,287.5757575757576,1.2600522193211487,1.0,0.03618521925789635,0.044771542471634465
139,real estate services,2012,0.64685,0.7094,289.9572817055965,1.2588061174148988,0.8685742476566354,0.09090909090909091,0.0
139,real estate services,2013,1.1948,1.3124,122.41002678272514,2.981781881707013,0.1736513258153002,0.2,0.2
139,real estate services,2014,2.3929,1.7848,79.57373177310095,4.58694083923037,0.13428091454010893,0.2727272727272727,0.18181818181818182
139,real estate services,2015,1.044,1.6157,75.3663449055744,4.843010503657888,0.1670604316873611,0.13636363636363635,0.13636363636363635
139,real estate services,2016,0.0075,2.0411,158.21136571173736,2.3070403213953257,0.2712262995443633,0.08695652173913043,0.043478260869565216
139,real estate services,2017,2.5059,2.80395,230.78778610305918,1.7144471230063898,0.36253082049041613,0.043478260869565216,0.043478260869565216
139,real estate services,2018,0.1646,2.0409,161.64261663850817,2.258067875851534,0.27318260481728496,0.08333333333333333,0.041666666666666664
139,real estate services,2019,1.1032,1.2565,141.76492275843748,2.5746848578470103,0.5825172811059908,0.08333333333333333,0.08333333333333333
139,real estate services,2020,1.1742,0.234,109.10832907511498,3.3452991452991454,0.33497204866820124,0.09090909090909091,0.13636363636363635
139,real estate services,2021,1.4466,0.2596,131.12925546637143,2.783513097072419,0.1957685221203922,0.15,0.2
139,real estate services,2022,1.0925500000000001,0.3371,118.61688130162594,3.077133676039388,0.19940760607579996,0.2,0.4
140,other professional services,2012,0.6498,0.3239,92.97687429692088,3.925707362826325,0.3443865997893263,0.0893640350877193,0.10526315789473684
140,other professional services,2013,0.954,0.4706,99.14354190521092,3.6815519208824647,0.31250214015491085,0.087995337995338,0.11538461538461539
140,other professional services,2014,1.1653,0.4229,89.07738095238096,4.097560975609755,0.33041705572057223,0.10712428497139885,0.12792511700468018
140,other professional services,2015,0.9576,0.35875,81.0291711299566,4.5015625,0.33333333333333337,0.096045197740113,0.11647109952194698
140,other professional services,2016,0.5491,0.2865,84.08696097141107,4.340753997464695,0.34524175056498596,0.08045083560046638,0.11193159735717062
140,other professional services,2017,0.6887,0.3246,81.91074509393884,4.456070045264719,0.33928031448442697,0.08410138248847926,0.1033026113671275
140,other professional services,2018,0.75665,0.3599,87.01939128173055,4.194467401285584,0.33380497951674787,0.08903080390683696,0.11720510894064613
140,other professional services,2019,0.70165,0.3375,82.19701240135286,4.43943661971831,0.3171634051496097,0.0958129007921539,0.12900792153904186
140,other professional services,2020,0.6375,0.28445,80.71300167646287,4.522195834855681,0.34565470090522543,0.09988385598141696,0.1173054587688734
140,other professional services,2021,0.51515,0.3036,97.38627111045005,3.7479632330859323,0.4493153725234541,0.09806247528667457,0.11308817714511665
140,other professional services,2022,0.5679,0.299,86.46197246244972,4.221509736844997,0.4371145821793878,0.0934018851756641,0.11353898886032562
143,business support services,2012,1.53605,0.8505,80.86808385324997,4.513523538685048,0.12988595133553335,0.12173913043478261,0.2
143,business support services,2013,1.9302,0.90525,87.97531027515933,4.150205118516093,0.18266661989964558,0.11023622047244094,0.16535433070866143
143,business support services,2014,3.63535,0.8162,76.97983903913719,4.7415012106537535,0.18339350180505418,0.13043478260869565,0.2028985507246377
143,business support services,2015,2.8799,0.7213499999999999,71.26877470355731,5.121457489878543,0.19873036910987016,0.12121212121212122,0.14545454545454545
143,business support services,2016,2.8804,0.6147,76.12357647479217,4.795116909693248,0.23458833264377327,0.09523809523809523,0.20105820105820105
143,business support services,2017,2.9769,0.6841,79.8389955624113,4.571784928053939,0.18426908982370505,0.09278350515463918,0.13402061855670103
143,business support services,2018,3.4589,0.7797,82.83660060318827,4.406264831514001,0.22771524729159037,0.09852216748768473,0.1921182266009852
143,business support services,2019,4.6338,0.9802,74.29526308432705,4.9129000313199915,0.22700995490557868,0.08374384236453201,0.14285714285714285
143,business support services,2020,4.0887,0.9065,79.22759610584124,4.606980622160888,0.2471042471042471,0.09230769230769231,0.14871794871794872
143,business support services,2021,2.1925,0.8483,91.79795440121076,3.976123459186644,0.3306373026700448,0.12972972972972974,0.16756756756756758
143,business support services,2022,3.53205,0.94695,90.08926267490597,4.053384126755905,0.27767770728035274,0.1746987951807229,0.13855421686746988
144,public administration services,2012,2.8416,0.6438,143.79715380102408,2.538297805984812,0.22399183064908545,0.12121212121212122,0.12121212121212122
144,public administration services,2013,2.7663,0.6415,110.62080371248024,3.299560188955856,0.2620872820991538,0.09090909090909091,0.12121212121212122
144,public administration services,2014,2.329,0.6867,101.15765107212476,3.608229294883067,0.3307960537388005,0.10526315789473684,0.18421052631578946
144,public administration services,2015,1.9263,0.61565,95.40042623605302,3.8352429202182883,0.34708458440980616,0.13636363636363635,0.18181818181818182
144,public administration services,2016,1.8188,0.7363,126.45978469035117,2.8879215483049627,0.2801538459941413,0.2,0.1111111111111111
144,public administration services,2017,2.4619,0.8214,88.03799890221941,4.145949353601067,0.20087173698155805,0.15555555555555556,0.08888888888888889
144,public administration services,2018,2.7314,0.9497,125.71687694382985,2.9051515548564066,0.2134163272861903,0.2,0.06666666666666667
144,public administration services,2019,2.9779,1.0219,93.82740134510169,3.8905465786579785,0.31349206349206354,0.22727272727272727,0.09090909090909091
144,public administration services,2020,2.961,1.0787,101.82557071908518,3.584561298526442,0.424957687509616,0.20454545454545456,0.06818181818181818
144,public administration services,2021,3.0319,1.2254,119.555605454397,3.052972703477502,0.46749226006191946,0.23809523809523808,0.09523809523809523
144,public administration services,2022,3.58255,1.2276,101.21544129424956,3.606169131238447,0.33982434115173416,0.17073170731707318,0.12195121951219512
145,education,2012,1.6086,0.2305,53.31667310005678,6.847425093632959,0.36073059360730597,0.16666666666666666,0.2
145,education,2013,1.215,0.3584,66.79217582982457,5.473717006802721,0.3333333333333333,0.19491525423728814,0.1694915254237288
145,education,2014,1.2817,0.3622,64.5486448870864,5.654650080392655,0.2950303769515149,0.1885245901639344,0.13934426229508196
145,education,2015,1.7582,0.3987,68.19694849581947,5.3542766717104175,0.5147819660014782,0.14393939393939395,0.12121212121212122
145,education,2016,1.7233,0.29245,69.29941142965636,5.267,0.30280616449645625,0.2111801242236025,0.11801242236024845
145,education,2017,1.975,0.314,76.57014642092138,4.790817010776389,0.20341576687572194,0.17721518987341772,0.18354430379746836
145,education,2018,2.3454,0.4199,68.66334915617304,5.315791822523829,0.2907230950416176,0.18238993710691823,0.16352201257861634
145,education,2019,2.513,0.4836,75.66308876115531,4.824031973305194,0.3186119873817035,0.18867924528301888,0.20125786163522014
145,education,2020,2.9347,0.40615,84.56168210494997,4.316383368135961,0.33318877231747135,0.13333333333333333,0.18666666666666668
145,education,2021,1.69595,0.3984,86.18092512940149,4.235275955229641,0.5511216642449587,0.13793103448275862,0.1793103448275862
145,education,2022,2.353,0.5076,72.7474616188959,5.017357195391028,0.6191454113548804,0.16058394160583941,0.16058394160583941
146,healthcare services,2012,3.4736000000000002,0.3815,38.63245794747685,9.44801390831097,0.2987690424992172,0.18548387096774194,0.21774193548387097
146,healthcare services,2013,4.6044,0.4834,37.28953548634111,9.788268888026462,0.2929107895218904,0.17578125,0.2265625
146,healthcare services,2014,4.84725,0.5006999999999999,34.164143544203085,10.683742755578955,0.3305597579425113,0.22727272727272727,0.23076923076923078
146,healthcare services,2015,3.9199,0.4996,33.83193755169561,10.78862242052426,0.27745664739884396,0.20294117647058824,0.21176470588235294
146,healthcare services,2016,3.5205,0.5491,33.93001078956136,10.757911512772527,0.30841256661644123,0.2122905027932961,0.18994413407821228
146,healthcare services,2017,3.95,0.5476000000000001,36.60284604023261,9.971902173913042,0.34749408536278187,0.21195652173913043,0.18478260869565216
146,healthcare services,2018,5.226,0.80435,43.34413771335616,8.42097730525455,0.38922938488644243,0.19363395225464192,0.21750663129973474
146,healthcare services,2019,5.1642,0.7801,45.7361339492232,7.980560849441873,0.3435784014643075,0.2446236559139785,0.20698924731182797
146,healthcare services,2020,5.059100000000001,0.7169,48.440963270212436,7.534949955586255,0.34246575342465757,0.23641304347826086,0.16847826086956522
146,healthcare services,2021,5.41675,0.8201,44.63844258803043,8.176821621819034,0.32077714624244275,0.233983286908078,0.1894150417827298
146,healthcare services,2022,6.672,0.9889,40.74387656721913,8.958414069024403,0.35936362276142736,0.25806451612903225,0.1935483870967742
147,other services,2012,1.242,0.4143,72.21806214835047,5.054742585353734,0.42132769905583933,0.09219858156028368,0.11347517730496454
147,other services,2013,3.3821,0.6121,85.84711360362215,4.251744580316322,0.3836852106787676,0.13076923076923078,0.13076923076923078
147,other services,2014,2.6371,0.6408,79.25415929659356,4.607065266286517,0.25092102620171874,0.23484848484848486,0.11363636363636363
147,other services,2015,3.9744,0.5981000000000001,63.03777949113338,5.790178571428572,0.2655038759689923,0.15483870967741936,0.1032258064516129
147,other services,2016,2.1157500000000002,0.41555,73.34541408171911,4.976634690205233,0.23470467134521547,0.13095238095238096,0.09523809523809523
147,other services,2017,2.1722,0.5567,84.96432879555098,4.2967192413210125,0.30142676539642405,0.1411764705882353,0.1
147,other services,2018,2.4177,0.629,78.74173736574679,4.641827642125673,0.204730229120473,0.15204678362573099,0.14035087719298245
147,other services,2019,2.952,0.6909000000000001,64.7945182555781,5.634151901658919,0.2584222479163293,0.11377245508982035,0.1377245508982036
147,other services,2020,2.8184,0.4492,65.87495797967532,5.540903129174691,0.30904072878302247,0.1566265060240964,0.12048192771084337
147,other services,2021,1.7323,0.3956,99.51925101782956,3.6676321040097832,0.3372362922160753,0.14375,0.11875
147,other services,2022,1.8021,0.4394,81.98701108190929,4.452956433656199,0.4038020181360528,0.1111111111111111,0.1111111111111111
